이름,가격,리뷰수,구매수
독거미 경해축 /신월축 AULA F99 무선 게이밍 기계식 키보드 핫스왑/99키/8000mAh /Gasket구조,64500,44,349
마이크로닉스 MANIC EX580L 게이밍 기계식 키보드 블랙 청축 18일 단하루 27900,27900,2,16
AULA F87 pro 독거미 아우라 기계식 키보드 무선 블루투스 V3 옐로우축 8000mAh 그레이축 재고보유,46430,581,3304
독거미 옐로우V3축 AULA F87 PRO 무선 게이밍 기계식 키보드 핫스왑/트라이 모드/4000mAh,47500,3,49
GK787SE OfficeMaster 저소음 윤활 기계식 키보드 뽀송 (Shark스위치/리니어) (8K/딥블루 뽀송_38g),104060,92,449
독거미 황축V3 AULA F99 무선 게이밍 기계식 키보드 핫스왑/99키/8000mAh /Gasket구조,54900,18,77
SPA-KKA2GBB 블루투스5.0 미니 키보드,29000,63,674
로지텍 K580 블루투스 키보드 영문자판 벌크,37580,0,10
에이투 키3 사무용 사무실 기계식 키보드 저소음백축 풀윤활스위치 LED모드 가스켓 매크로 맥 호환 KEY3,89900,19,14
컴퓨터 유선 키보드 SPA-JKA1BUB 블랙 (USB),26230,37,856
(빠른직구) MONSGEEK 몬스긱 M5W 기계식 키보드  108키 핫스왑 베어본 무료배송,97900,5,23
MONSGEEK 몬스긱 M5W 기계식 키보드 108키 핫스왑 베어본 축 캡 미포함,97900,0,25
독거미 측면각인 다크그레이 AULA F87 PRO 무선 게이밍 기계식 키보드 핫스왑/트라이 모드/8000mAh,47500,12,66
휴대용 무선 블루투스 키보드 폴더 3단 접이식,34900,271,33231
COX CK01SL PBT 45GF,66000,4,4
(현대hmall) 로지텍코리아 K380S 블루투스 키보드,39900,55,328
지클릭커 슈퍼히어로 GK-K530 레인보우 게이밍 기계식 키보드 블랙 적축 (포토리뷰 이벤트),24300,8,43
레이니75 RAINY75 CNC GASKET 구조 RGB 블루투스 기계식 키보드  304스테인리스스틸 7000mAh Wob축 수량확보,114900,28,126
(K)덱프랑슘 거북선 한산 화이트에디션 PBT 넌LED CBL-87XNW(저소음 적축),187900,1,2
다얼유 A104 PRO FLEX 퀵스왑 가스켓 유무선 기계식 키보드 (아이스블루 저소음머스타드축),121260,0,13
로지텍 코리아 SIGNATURE K650 무선 블루투스 키보드,59900,42,679
몬스긱 MONSGEEK M5W 핫스왑 무선 게임밍 기계식 키보드 하우징 108키 키트 알류미늄 케이스,98900,0,3
로지텍 MK345 (정품) 무선 키보드 마우스 세트 로지텍 로지텍 MK345 (정품) 무선 키보드 마우스 세트 로지텍,40850,102,1214
SPM PL87A PBT 바다소금 텐키리스 게이밍 기계식 키보드,49900,7,54
로지텍 유선 키보드 K120 NEW 블랙 (USB),17770,234,3138
멀티페어링 무선 블루투스 키보드 블루키 블랙,19900,70,4945
베이직 블루투스 무선키보드 스마트폰 연결 KB1352BT,16900,96,3642
키크론 V5 노브 프로스트 반투명 블랙 청축 커스텀 기계식 키보드,164000,1,2
8BItDo 레트로 메카니컬 키보드(무선/BT/화이트축) (영등포점),119000,0,3
로지텍 유선 키보드 K120 NEW 블랙 (USB),17770,234,3138
지클릭커 레트로 레드 SPK 100 저소음 무선 블루투스 기계식 키보드 (포토리뷰 이벤트),57000,5,21
로지텍 코리아 MX MECHANICAL 무선 기계식 키보드 (갈축) 리뷰 참여시 스타벅스 기프티콘,179000,8,24
로지텍코리아 정품  G512 CARBON RGB 청축 게이밍키보드 2년AS,119000,1,13
덱키보드 덱거북선 한산 프랑슘 텐키리스 키보드 저소음적축,174730,0,6
로지텍 코리아 MX KEYS S 무선 블루투스 키보드 리뷰 참여시 스타벅스 기프티콘,159000,26,138
로지텍 무선프리젠터 스포트라이트 (골드/슬레이트),155500,0,18
DrunkDeer 드렁크디어 A75 PRO 래피드트리거 자석축 게이밍키보드 노브 PBT,210000,1,5
키크론 C2 PRO 적축 커스텀 유선 기계식 키보드 풀배열 QMK VIA,114000,6,4
로지텍 USB 유선키보드 (K120 NEW),9870,45,858
AG0301 유선 텐키리스 기계식 적축 게이밍 키보드,59900,168,981
DARKFLASH GD108 유무선 기계식 키보드 별빛 파랑 (황축),58000,0,2
AULA F99 독거미 공식 정품 유무선 기계식 키보드 한글 화이트 회목축 V4 (그레이축) 키보드,69000,0,4
삼성전자 SPA-JKA1BUB 유선키보드 USB연결방식 키스킨제공,16900,386,23101
로켓 마그마 미니 유선 키보드,63050,0,0
4단 접이식 휴대용 무선 블루투스 미니 키보드 저소음 키패드 아이패드 호환,37900,125,4490
키스킨증정 아이락스 KR-6170 USB 키보드 팬터그래프 화e트,35000,25,51
(현대hmall) 로지텍코리아 MK295 SILENT 무선 키보드 마우스 세트 (블랙/화이트),39900,51,335
COX CK420 교체축 게이밍 기계식 키보드 블랙/화이트,34900,8,23
COX CK01 TKL 텐키리스 기계식 게이밍 키보드 갈축,36100,0,10
AULA F87 PRO 무선 기계식 키보드 87키 핫스왑 게이밍 키보드 3가지모드 그레이축V4,48900,13,44
라이프썸 슬림 블루투스 키보드 (LFS-HA39) 미스트블루 저소음 팬터그래프 3대기기 멀티페어링,49000,0,7
지클릭커 슈퍼히어로 GK-K540 크리스탈 투명 게이밍 기계식 키보드 블랙 적축 (포토리뷰 이벤트),34300,0,3
MK321-Pro 미니 맞춤형 기계식 키보드 USB BT 2.4G 2 모드 연결 완전 프로그래밍 가능 매크로 게임용,33160,0,3
/한글정품/로지텍 K120 New USB 유선키보드 실리콘포함,11000,2,66
아이존아이앤디 EZ WTK6 무선 트랙볼 키보드,27750,0,5
BT21 미니니 피규어 멀티페어링 무선 키보드 타타 치미 알제이 코야 망 슈키,25900,0,2
로지텍 코리아 K120 New 정품 키보드 (밀알),9220,160,1288
앱코 MK108 저소음 멤브레인 게이밍 사무용 LED 키보드 (오트밀),19900,3,13
지클릭커 오피스프로 저소음 슬림 무선 키보드 WK10 실버화이트 (포토리뷰 이벤트),16400,2,7
정품 풀사이즈 PC 컴퓨터 /USB 유선 키보드 K120,15900,21,892
키보드 USB PS2 유선 게이밍 컴퓨터 노트북 PC 맥스틸,7900,328,50427
로지텍 코리아 k120 NEW 유선 키보드,9900,123,1817
레오폴드 FC750RBT PD 차콜 블루 한글 (저소음 적축),162180,0,3
레이저코리아 블랙위도우 V4 프로 리니어 한글 Razer BlackWidow V4 Pro Linear KR 유선 키보드,349000,26,73
로지텍코리아 iPad Pro 11인치(M4)용 Combo Touch 예약판매 아이패드 프로 11 M4용 콤보터치 프로,345000,0,1
레이저코리아 헌츠맨 V3 Pro TKL 화이트 영문각인 광축 텐키리스 게이밍 키보드,346310,0,1
Deck CBL-108XN Hassium Geobukseon 한산 갈축/영샵,196800,0,1
로지텍 코리아 K120 New 키보드,10160,10,71
스틸시리즈 Apex Pro TKL (2023) US 기계식 게이밍키보드 기계식키보드 래피드트리거,329000,2,26
레이저 코리아 헌츠맨 V3 프로 TKL US 키보드 래피드 트리거 2세대 아날로그 스위치 텐키리스,329000,1,1
해피해킹 스튜디오 영어배열 HHKB Studio PD-ID100B - 잉글리시 레이아웃 단일상품,494000,1,1
스틸시리즈 Apex Pro TKL (2023) US 유선 게이밍 키보드 JCP,379000,0,0
누피 NuPhy Gem80 무선 3모드 3. 프러시안블루키트+키캡(직접 조립해야 함) 레몬 샤프트(단락 샤프트/55 gf,331700,0,1
바밀로 고래 기계식 키보드 87키 트라이 (유선+블루투스+2.4G) 저소음 적축,347800,0,1
(빠른직구) 드렁크디어 DrunkDeer A75 PRO  래피드 트리거 자석축 게이밍 키보드,129900,2,11
MS 마이크로소프트 서피스 PRO 시그니처 타입 커버 키보드 TRACKPAD 미국 ICE Blue 상업 7용,368000,0,1
삼성 USB 키보드 SKG-3000UB/키보드/유선키보드/컴퓨터키보드/컴퓨터주변용품/컴퓨터소모품/컴퓨터악세서리,46610,0,1
키크론 K8 PRO 레트로 알루미늄 RGB 핫스왑 민트축 무선 기계식 키보드,189000,2,7
키크론 K8 PRO 레트로 알루미늄 RGB 핫스왑 바나나축 무선 기계식 키보드,189000,2,1
(에스투씨엔아이)(쿨러마스터) MasterKeys RGB PRO L 청축,130340,0,1
CORSAIR 커세어 K70 RGB TKL CHAMPION (저소음 적축),199000,1,8
레오폴드 FC750RBT PD 그레이 블루 한글(저소음 적축),162180,2,9
ABKO K995P V3 무접점 RGB PBT 프리미엄 (블랙 45g),159000,1,12
(에스투씨엔아이)Deck CBL-108XNW Hassium Geobukseon 한산 (갈축),201960,0,1
키크론 K8 PRO 레트로 알루미늄 RGB 핫스왑 바나나축 무선 기계식 키보드,189000,3,5
키크론 K8 PRO 레트로 알루미늄 RGB 핫스왑 저소음갈축 무선 기계식 키보드,199000,1,2
레오폴드 FC900RBT MX2A 그라파이트 블루 한글 (청축),195990,1,1
FC900RBT PD 그레이 블루 한글(저소음 적축),153790,9,51
Deck CBL-108XN Hassium Geobukseon 블랙에디션 갈축/영샵,208800,2,8
레이저코리아 블랙위도우 V4 리니어 한글 Razer BlackWidow V4 Linear KR 유선 키보드,267740,3,7
